jurisdiction,footnotes,year,total,male,female
U.S. total,,2022,355,667,49
U.S. total,,2023,360,676,51
Alabama,,2022,390,750,51
Alabama,,2023,394,754,54
Alaska,b,2022,205,371,22
Alaska,b,2023,202,367,20
Arizona,,2022,446,815,79
Arizona,,2023,448,819,79
Arkansas,,2022,574,1070,90
Arkansas,,2023,596,1107,98
California,,2022,250,481,19
California,,2023,246,474,20
Colorado,,2022,288,523,47
Colorado,,2023,290,526,47
Connecticut,b,2022,171,330,18
Connecticut,b,2023,183,352,21
Delaware,b,2022,272,545,16
Delaware,b,2023,275,551,17
Florida,,2022,377,718,48
Florida,,2023,382,726,51
Georgia,,2022,436,833,58
Georgia,,2023,449,855,63
Hawaii,b,2022,174,317,30
Hawaii,b,2023,165,300,28
Idaho,c,2022,461,786,132
Idaho,c,2023,490,823,152
Illinois,d,2022,236,453,23
Illinois,d,2023,238,457,24
Indiana,,2022,349,636,66
Indiana,,2023,351,637,68
Iowa,,2022,264,481,45
Iowa,,2023,274,502,45
Kansas,,2022,292,535,48
Kansas,,2023,305,558,52
Kentucky,,2022,437,779,100
Kentucky,,2023,423,755,96
Louisiana,,2022,596,1155,61
Louisiana,,2023,617,1193,67
Maine,,2022,107,197,20
Maine,,2023,119,217,23
Maryland,e,2022,252,500,17
Maryland,e,2023,261,516,20
Massachusetts,"d,f",2022,94,185,7
Massachusetts,"d,f",2023,96,189,7
Michigan,,2022,323,618,33
Michigan,,2023,328,629,34
Minnesota,,2022,151,281,20
Minnesota,,2023,152,282,21
Mississippi,,2022,661,1258,99
Mississippi,,2023,652,1243,95
Missouri,c,2022,381,702,69
Missouri,c,2023,385,711,67
Montana,,2022,416,705,120
Montana,,2023,438,735,133
Nebraska,,2022,283,527,37
Nebraska,,2023,295,548,40
Nevada,g,2022,323,590,54
Nevada,g,2023,327,595,55
New Hampshire,,2022,149,276,22
New Hampshire,,2023,151,281,20
New Jersey,d,2022,136,268,9
New Jersey,d,2023,125,244,10
New Mexico,,2022,231,421,44
New Mexico,,2023,259,471,49
New York,,2022,159,313,12
New York,,2023,167,328,13
North Carolina,,2022,268,509,38
North Carolina,,2023,275,518,42
North Dakota,,2022,230,391,60
North Dakota,,2023,240,408,63
Ohio,,2022,385,717,61
Ohio,,2023,394,733,64
Oklahoma,e,2022,563,1023,108
Oklahoma,e,2023,545,988,107
Oregon,,2022,295,550,43
Oregon,,2023,291,541,42
Pennsylvania,,2022,292,560,32
Pennsylvania,,2023,300,575,32
Rhode Island,b,2022,124,245,8
Rhode Island,b,2023,122,242,6
South Carolina,,2022,302,578,41
South Carolina,,2023,299,571,42
South Dakota,d,2022,371,620,114
South Dakota,d,2023,405,675,125
Tennessee,,2022,335,619,61
Tennessee,,2023,341,626,65
Texas,,2022,453,836,71
Texas,,2023,477,881,75
Utah,d,2022,177,323,26
Utah,d,2023,186,340,28
Vermont,b,2022,126,238,15
Vermont,b,2023,124,237,12
Virginia,,2022,312,589,42
Virginia,,2023,314,592,43
Washington,,2022,174,326,20
Washington,,2023,181,338,22
West Virginia,,2022,331,595,69
West Virginia,,2023,328,587,70
Wisconsin,,2022,311,583,38
Wisconsin,,2023,346,647,44
Wyoming,,2022,370,639,87
Wyoming,,2023,378,653,90
