state,year,senate_women,senate_seats,house_women,house_seats,total_women,total_seats,pct_women
Alabama,2026,4,35,22,105,26,140,18.6
Alaska,2026,5,20,20,40,25,60,41.7
Arizona,2026,16,30,28,60,44,90,48.9
Arkansas,2026,5,35,23,100,28,135,20.7
California,2026,21,40,38,80,59,120,49.2
Colorado,2026,14,35,38,65,52,100,52.0
Connecticut,2026,11,36,56,151,67,187,35.8
Delaware,2026,6,21,17,41,23,62,37.1
Florida,2026,16,40,52,120,68,160,42.5
Georgia,2026,12,56,65,180,77,236,32.6
Hawaii,2026,8,25,23,51,31,76,40.8
Idaho,2026,12,35,17,70,29,105,27.6
Illinois,2026,25,59,53,118,78,177,44.1
Indiana,2026,10,50,29,100,39,150,26.0
Iowa,2026,15,50,29,100,44,150,29.3
Kansas,2026,12,40,43,125,55,165,33.3
Kentucky,2026,8,38,33,100,41,138,29.7
Louisiana,2026,5,39,29,105,34,144,23.6
Maine,2026,15,35,62,151,77,186,41.4
Maryland,2026,14,47,62,141,76,188,40.4
Massachusetts,2026,12,40,48,160,60,200,30.0
Michigan,2026,14,38,44,110,58,148,39.2
Minnesota,2026,22,67,52,134,74,201,36.8
Mississippi,2026,9,52,18,122,27,174,15.5
Missouri,2026,10,34,47,163,57,197,28.9
Montana,2026,16,50,36,100,52,150,34.7
Nebraska,2026,14,49,,,14,49,28.6
Nevada,2026,13,21,26,42,39,63,61.9
New Hampshire,2026,10,24,139,400,149,424,35.1
New Jersey,2026,9,40,27,80,36,120,30.0
New Mexico,2026,16,42,43,70,59,112,52.7
New York,2026,22,63,52,150,74,213,34.7
North Carolina,2026,16,50,36,120,52,170,30.6
North Dakota,2026,9,47,26,94,35,141,24.8
Ohio,2026,10,33,36,99,46,132,34.8
Oklahoma,2026,14,48,21,101,35,149,23.5
Oregon,2025,13,30,28,60,41,90,45.6
Pennsylvania,2026,19,50,66,203,85,253,33.6
Rhode Island,2026,17,38,31,75,48,113,42.5
South Carolina,2026,2,46,22,124,24,170,14.1
South Dakota,2026,12,35,27,70,39,105,37.1
Tennessee,2026,8,33,15,99,23,132,17.4
Texas,2026,8,31,53,150,61,181,33.7
Utah,2026,8,29,26,75,34,104,32.7
Vermont,2026,10,30,68,150,78,180,43.3
Virginia,2026,15,40,41,100,56,140,40.0
Washington,2026,21,49,45,98,66,147,44.9
West Virginia,2026,4,34,12,100,16,134,11.9
Wisconsin,2026,10,33,34,99,44,132,33.3
Wyoming,2026,7,31,17,62,24,93,25.8
